{
	"format_version": "1.8.0",
	"animations": {
		"animation.furfrou.ground_idle": {
			"loop": true,
			"animation_length": 2,
			"bones": {
				"back": {
					"rotation": {
						"0.0": [0, 0, 0],
						"0.5": [-2.5, 0, 0],
						"1.0": [5, 0, 0],
						"2.0": [0, 0, 0]
					}
				},
				"left_front_leg": {
					"rotation": {
						"0.0": [0, 0, 0],
						"0.5": [5, 0, 0],
						"1.0": [22.5, 0, 0],
						"2.0": [0, 0, 0]
					}
				},
				"right_front_leg": {
					"rotation": {
						"0.0": [0, 0, 0],
						"0.5": [10, 0, 0],
						"1.0": [2.5, 0, 0],
						"2.0": [0, 0, 0]
					}
				},
				"right_hind_leg": {
					"rotation": {
						"0.0": [0, 0, 0],
						"0.5": [7.5, 0, 0],
						"1.0": [-17.5, 0, 0],
						"2.0": [0, 0, 0]
					}
				},
				"left_hind_leg": {
					"rotation": {
						"0.0": [0, 0, 0],
						"0.5": [-7.5, 0, 0],
						"1.0": [-17.5, 0, 0],
						"2.0": [0, 0, 0]
					}
				},
				"neck": {
					"rotation": {
						"0.0": [0, 0, 0],
						"0.2917": [-5, 0, 0],
						"0.75": [5, 0, 0],
						"1.25": [-5, 0, 0],
						"2.0": [0, 0, 0]
					}
				},
				"tail": {
					"rotation": {
						"0.0": [0, 0, 0],
						"0.2917": [-9.57574, 5.776, 4.07808],
						"0.75": [-27.43914, -3.45795, -13.68563],
						"1.25": [-12.63836, 2.6239, 13.14679],
						"2.0": [0, 0, 0]
					}
				},
				"head": {
					"rotation": {
						"0.0": [0, 0, 0],
						"0.2917": [5, 0, 0],
						"0.75": [-7.5, 0, 0],
						"1.25": [5, 0, 0],
						"2.0": [0, 0, 0]
					}
				},
				"left_ear": {
					"rotation": {
						"0.0": [0, 0, 0],
						"0.2917": [0, 0, -7.5],
						"0.75": [7.5, 0, -12.5],
						"2.0": [0, 0, 0]
					}
				},
				"right_ear": {
					"rotation": {
						"0.0": [0, 0, 0],
						"0.2917": [0, 0, 7.5],
						"0.75": [7.47178, -0.65182, 12.45744],
						"2.0": [0, 0, 0]
					}
				},
				"bangs_left": {
					"rotation": {
						"0.0": [0, 0, 0],
						"0.2917": [5, 0, 0],
						"2.0": [0, 0, 0]
					}
				},
				"bangs_right": {
					"rotation": {
						"0.0": [0, 0, 0],
						"0.2917": [7.5, 0, 0],
						"2.0": [0, 0, 0]
					}
				},
				"bang_up": {
					"rotation": {
						"0.0": [0, 0, 0],
						"0.2917": [-2.4905, 0.21782, 4.99527],
						"2.0": [0, 0, 0]
					}
				},
				"hair": {
					"rotation": {
						"0.0": [0, 0, 0],
						"0.2917": [2.5, 0, 0],
						"1.25": [-2.5, 0, 0],
						"2.0": [0, 0, 0]
					}
				},
				"hair_spikes_top": {
					"rotation": {
						"0.0": [0, 0, 0],
						"0.2917": [2.5, 0, 0],
						"0.75": [7.5, 0, 0],
						"1.25": [2.5, 0, 0],
						"2.0": [0, 0, 0]
					}
				},
				"hair_spikes_middle": {
					"rotation": {
						"0.0": [0, 0, 0],
						"0.2917": [-2.5, 0, 0],
						"0.75": [-5, 0, 0],
						"1.25": [0, 0, 0],
						"2.0": [0, 0, 0]
					}
				},
				"hair_spikes_bottom": {
					"rotation": {
						"0.0": [0, 0, 0],
						"0.2917": [-5, 0, 0],
						"0.75": [-10, 0, 0],
						"1.25": [-2.5, 0, 0],
						"2.0": [0, 0, 0]
					}
				},
				"lower_leg": {
					"rotation": {
						"0.0": [0, 0, 0],
						"0.5": [-7.5, 0, 0],
						"1.0": [-30, 0, 0],
						"2.0": [0, 0, 0]
					}
				},
				"paw": {
					"rotation": {
						"0.0": [0, 0, 0],
						"1.0": [5, 0, 0],
						"2.0": [0, 0, 0]
					}
				},
				"lower_leg2": {
					"rotation": {
						"0.0": [0, 0, 0],
						"0.5": [-17.5, 0, 0],
						"1.0": [-2.5, 0, 0],
						"2.0": [0, 0, 0]
					}
				},
				"paw2": {
					"rotation": {
						"0.0": [0, 0, 0],
						"0.5": [7.5, 0, 0],
						"1.0": [-5, 0, 0],
						"2.0": [0, 0, 0]
					}
				},
				"lower_leg4": {
					"rotation": {
						"0.0": [0, 0, 0],
						"0.5": [-7.5, 0, 0],
						"1.0": [7.5, 0, 0],
						"2.0": [0, 0, 0]
					}
				},
				"paw4": {
					"rotation": {
						"0.0": [0, 0, 0],
						"0.5": [12.5, 0, 0],
						"2.0": [0, 0, 0]
					}
				},
				"lower_leg3": {
					"rotation": {
						"0.0": [0, 0, 0],
						"0.5": [-5, 0, 0],
						"1.0": [10, 0, 0],
						"2.0": [0, 0, 0]
					}
				},
				"paw3": {
					"rotation": {
						"0.0": [0, 0, 0],
						"0.5": [5, 0, 0],
						"2.0": [0, 0, 0]
					}
				}
			}
		},
		"animation.furfrou.ground_walk": {
			"loop": true,
			"animation_length": 2,
			"bones": {
				"back": {
					"rotation": {
						"0.0": [0, 0, 0],
						"0.5": [-2.5, 0, 0],
						"1.0": [2.5, 0, 0],
						"1.25": [9.38, 0, 0],
						"2.0": [0, 0, 0]
					}
				},
				"left_front_leg": {
					"rotation": {
						"0.0": [0, 0, 0],
						"0.25": [20, 0, 0],
						"0.5": [-5, 0, 0],
						"0.75": [-30, 0, 0],
						"1.0": [0, 0, 0],
						"1.25": [22.5, 0, 0],
						"1.5": [30, 0, 0],
						"2.0": [0, 0, 0]
					}
				},
				"right_front_leg": {
					"rotation": {
						"0.0": [0, 0, 0],
						"0.5": [42.5, 0, 0],
						"0.75": [37.5, 0, 0],
						"1.0": [52.5, 0, 0],
						"1.25": [12.5, 0, 0],
						"1.5": [-6.67, 0, 0],
						"2.0": [0, 0, 0]
					}
				},
				"right_hind_leg": {
					"rotation": {
						"0.0": [0, 0, 0],
						"0.25": [20, 0, 0],
						"0.5": [40, 0, 0],
						"0.75": [-15, 0, 0],
						"1.0": [-57.5, 0, 0],
						"1.25": [-55, 0, 0],
						"1.5": [-32.88, 0, 0],
						"2.0": [0, 0, 0]
					}
				},
				"left_hind_leg": {
					"rotation": {
						"0.0": [0, 0, 0],
						"0.25": [6.25, 0, 0],
						"0.5": [7.5, 0, 0],
						"0.75": [27.5, 0, 0],
						"1.0": [-7.5, 0, 0],
						"1.25": [-55, 0, 0],
						"1.5": [-66.67, 0, 0],
						"1.75": [-45.83, 0, 0],
						"2.0": [0, 0, 0]
					}
				},
				"neck": {
					"rotation": {
						"0.0": [0, 0, 0],
						"0.5": [15, 0, 0],
						"1.0": [22.5, 0, 0],
						"2.0": [0, 0, 0]
					}
				},
				"tail": {
					"rotation": {
						"0.0": [0, 0, 0],
						"0.5": [-14.98765, -5.54347, 19.3277],
						"1.25": [-18.43734, -23.70709, -19.73505],
						"2.0": [0, 0, 0]
					}
				},
				"head": {
					"rotation": {
						"0.0": [0, 0, 0],
						"0.5": [-12.5, 0, 0],
						"1.0": [-22.5, 0, 0],
						"2.0": [0, 0, 0]
					}
				},
				"left_ear": {
					"rotation": {
						"0.0": [0, 0, 0],
						"0.5": [7.5, 0, -7.5],
						"1.0": [-4.83045, -1.29256, -22.44548],
						"2.0": [0, 0, 0]
					}
				},
				"right_ear": {
					"rotation": {
						"0.0": [0, 0, 0],
						"0.5": [7.5, 0, 10],
						"1.0": [-4.92442, 0.86717, 19.96271],
						"2.0": [0, 0, 0]
					}
				},
				"lower_leg": {
					"rotation": {
						"0.0": [0, 0, 0],
						"0.25": [-57.5, 0, 0],
						"0.5": [-55, 0, 0],
						"0.75": [2.5, 0, 0],
						"1.25": [-10, 0, 0],
						"1.5": [-19.17, 0, 0],
						"2.0": [0, 0, 0]
					}
				},
				"paw": {
					"rotation": {
						"0.0": [0, 0, 0],
						"0.25": [15, 0, 0],
						"2.0": [0, 0, 0]
					}
				},
				"lower_leg2": {
					"rotation": {
						"0.0": [0, 0, 0],
						"0.5": [-30, 0, 0],
						"0.75": [-37.5, 0, 0],
						"1.0": [-75, 0, 0],
						"1.25": [-65, 0, 0],
						"1.5": [-23.33, 0, 0],
						"2.0": [0, 0, 0]
					}
				},
				"lower_leg4": {
					"rotation": {
						"0.0": [0, 0, 0],
						"0.25": [2.5, 0, 0],
						"0.5": [-17.5, 0, 0],
						"0.75": [-50, 0, 0],
						"1.0": [-32.5, 0, 0],
						"1.25": [7.5, 0, 0],
						"1.5": [20, 0, 0],
						"1.75": [27.5, 0, 0],
						"2.0": [0, 0, 0]
					}
				},
				"paw4": {
					"rotation": {
						"0.0": [0, 0, 0],
						"0.75": [12.5, 0, 0],
						"2.0": [0, 0, 0]
					}
				},
				"lower_leg3": {
					"rotation": {
						"0.0": [0, 0, 0],
						"0.25": [12.5, 0, 0],
						"0.5": [-27.5, 0, 0],
						"0.75": [-20, 0, 0],
						"1.0": [27.5, 0, 0],
						"1.25": [30.63, 0, 0],
						"1.5": [12.92, 0, 0],
						"2.0": [0, 0, 0]
					}
				},
				"paw3": {
					"rotation": {
						"0.0": [0, 0, 0],
						"0.25": [7.5, 0, 0],
						"0.75": [15, 0, 0],
						"2.0": [0, 0, 0]
					}
				}
			}
		},
		"animation.furfrou.faint": {
			"loop": "hold_on_last_frame",
			"animation_length": 3,
			"bones": {
				"Body": {
					"rotation": {
						"0.0": [0, 0, 0],
						"0.25": [-12.5, 0, 0],
						"0.5": [-32.5, 0, 0],
						"0.7917": [-10, 0, 0],
						"1.0": [-20, 0, 0],
						"1.25": [-17.5, 0, 0],
						"1.5": [-10, 0, 0]
					},